{
  "results": [
    {
      "command": "morpheus --file benchmark/fixtures/dyn/morpheus_500.xml --outdir benchmark/out/morpheus/32/500 --set max_population=32",
      "mean": 2.19361641321,
      "stddev": 0.08509931838351285,
      "median": 2.17463167746,
      "user": 5.672879929999999,
      "system": 6.35994834,
      "min": 2.14099519596,
      "max": 2.54780489996,
      "times": [
        2.54780489996,
        2.1847259489599997,
        2.2076543639599997,
        2.1490793839599998,
        2.1753580599599998,
        2.1978790079599997,
        2.1730478769599997,
        2.17862063196,
        2.16500636996,
        2.1941080239599997,
        2.14099519596,
        2.1627586919599997,
        2.1980227589599997,
        2.18064235096,
        2.18472051996,
        2.17390529496,
        2.14952809896,
        2.16994572696,
        2.16834172696,
        2.17018333096
      ],
      "exit_codes": [
        0,
        0,
        0,
        0,
        0,
        0,
        0,
        0,
        0,
        0,
        0,
        0,
        0,
        0,
        0,
        0,
        0,
        0,
        0,
        0
      ],
      "parameters": {
        "max_pop": "32",
        "size": "500"
      }
    },
    {
      "command": "target/fastest/benchmark 32 500",
      "mean": 0.25971511226000005,
      "stddev": 0.0031306598596092107,
      "median": 0.25963196846000003,
      "user": 0.25465738,
      "system": 0.0037890899999999997,
      "min": 0.25483237996,
      "max": 0.26660703696000004,
      "times": [
        0.26660703696000004,
        0.26213607196000005,
        0.26230301696,
        0.25985258196000005,
        0.26579809596000004,
        0.25483237996,
        0.26051059796000003,
        0.25941135496,
        0.26086834096,
        0.26033665996000005,
        0.25700778296000004,
        0.25679441796,
        0.26041852696,
        0.25661310196000003,
        0.25666059996,
        0.25821268396,
        0.25753686396000003,
        0.26305735296000005,
        0.25695363296,
        0.25839114396
      ],
      "exit_codes": [
        0,
        0,
        0,
        0,
        0,
        0,
        0,
        0,
        0,
        0,
        0,
        0,
        0,
        0,
        0,
        0,
        0,
        0,
        0,
        0
      ],
      "parameters": {
        "max_pop": "32",
        "size": "500"
      }
    },
    {
      "command": "morpheus --file benchmark/fixtures/dyn/morpheus_500.xml --outdir benchmark/out/morpheus/64/500 --set max_population=64",
      "mean": 2.9702137700099995,
      "stddev": 0.028650433621763827,
      "median": 2.9731194484600003,
      "user": 10.222975430000004,
      "system": 10.67552659,
      "min": 2.9244764109599997,
      "max": 3.05102681896,
      "times": [
        3.05102681896,
        2.94087913096,
        2.95264052996,
        3.01376315996,
        2.94328795796,
        2.97355070996,
        2.97208964496,
        2.9888301839599998,
        2.97268818696,
        2.98764980696,
        2.97986427296,
        2.94344960796,
        2.97774459996,
        2.94150405596,
        2.9244764109599997,
        2.97517037696,
        2.97629536196,
        2.98292850496,
        2.95636855396,
        2.95006752396
      ],
      "exit_codes": [
        0,
        0,
        0,
        0,
        0,
        0,
        0,
        0,
        0,
        0,
        0,
        0,
        0,
        0,
        0,
        0,
        0,
        0,
        0,
        0
      ],
      "parameters": {
        "max_pop": "64",
        "size": "500"
      }
    },
    {
      "command": "target/fastest/benchmark 64 500",
      "mean": 0.49421909186000007,
      "stddev": 0.004379298750953373,
      "median": 0.49387846496000004,
      "user": 0.48891207999999986,
      "system": 0.00403599,
      "min": 0.48804072996000003,
      "max": 0.50206710796,
      "times": [
        0.50092553396,
        0.50042134596,
        0.48813742696000006,
        0.49370721096000003,
        0.49404971896000005,
        0.48946947396000007,
        0.49525378496000005,
        0.49719959496000005,
        0.49573769396000006,
        0.49036504496000005,
        0.50206710796,
        0.48870229496000006,
        0.49221243396000003,
        0.49422514396000006,
        0.48804072996000003,
        0.49293057896000003,
        0.49099384996000006,
        0.50079989096,
        0.49601189096000003,
        0.49313108596000005
      ],
      "exit_codes": [
        0,
        0,
        0,
        0,
        0,
        0,
        0,
        0,
        0,
        0,
        0,
        0,
        0,
        0,
        0,
        0,
        0,
        0,
        0,
        0
      ],
      "parameters": {
        "max_pop": "64",
        "size": "500"
      }
    },
    {
      "command": "morpheus --file benchmark/fixtures/dyn/morpheus_500.xml --outdir benchmark/out/morpheus/128/500 --set max_population=128",
      "mean": 4.397677118659999,
      "stddev": 0.06214199202840043,
      "median": 4.37624383296,
      "user": 19.01336138,
      "system": 21.388834539999994,
      "min": 4.33654377496,
      "max": 4.57113747796,
      "times": [
        4.57113747796,
        4.44109405896,
        4.46647042596,
        4.33773171396,
        4.34201258496,
        4.3747250829599995,
        4.38358983796,
        4.52396084196,
        4.43342967096,
        4.4137356059599995,
        4.36263991296,
        4.35409877396,
        4.35382024696,
        4.33654377496,
        4.36725122296,
        4.37362891096,
        4.37776258296,
        4.38879843696,
        4.37252662696,
        4.37858458196
      ],
      "exit_codes": [
        0,
        0,
        0,
        0,
        0,
        0,
        0,
        0,
        0,
        0,
        0,
        0,
        0,
        0,
        0,
        0,
        0,
        0,
        0,
        0
      ],
      "parameters": {
        "max_pop": "128",
        "size": "500"
      }
    },
    {
      "command": "target/fastest/benchmark 128 500",
      "mean": 0.94857325491,
      "stddev": 0.010219450295728752,
      "median": 0.94923183646,
      "user": 0.9421334299999998,
      "system": 0.00473839,
      "min": 0.92902757096,
      "max": 0.9710607679600001,
      "times": [
        0.96785162196,
        0.95153406196,
        0.94374757196,
        0.95300525196,
        0.9710607679600001,
        0.94967224596,
        0.95095964096,
        0.9414842719600001,
        0.95177970496,
        0.94879142696,
        0.96049306796,
        0.94368757796,
        0.94306774496,
        0.92902757096,
        0.9523192849600001,
        0.93855292396,
        0.94223149396,
        0.95459655796,
        0.94251323396,
        0.93508907496
      ],
      "exit_codes": [
        0,
        0,
        0,
        0,
        0,
        0,
        0,
        0,
        0,
        0,
        0,
        0,
        0,
        0,
        0,
        0,
        0,
        0,
        0,
        0
      ],
      "parameters": {
        "max_pop": "128",
        "size": "500"
      }
    },
    {
      "command": "morpheus --file benchmark/fixtures/dyn/morpheus_500.xml --outdir benchmark/out/morpheus/256/500 --set max_population=256",
      "mean": 7.2316559813099985,
      "stddev": 0.17375483230545324,
      "median": 7.15312601746,
      "user": 35.52546243,
      "system": 53.70098289,
      "min": 7.04740665796,
      "max": 7.59908825696,
      "times": [
        7.43027219096,
        7.04740665796,
        7.15678392196,
        7.10010822196,
        7.0886155959599995,
        7.17550599596,
        7.07918848996,
        7.14349168996,
        7.22269448996,
        7.14946811296,
        7.14855386096,
        7.09839580096,
        7.14905344296,
        7.20198341496,
        7.08922454196,
        7.23568611496,
        7.49512389596,
        7.4764152589599995,
        7.59908825696,
        7.54605966996
      ],