{
  "results": [
    {
      "command": "morpheus --file benchmark/fixtures/dyn/morpheus_1000.xml --outdir benchmark/out/morpheus/64/1000 --set max_population=64",
      "mean": 2.5108674425599995,
      "stddev": 0.07025703575292867,
      "median": 2.47573563436,
      "user": 10.587654979999998,
      "system": 1.3608318599999998,
      "min": 2.43494473836,
      "max": 2.62919278036,
      "times": [
        2.62919278036,
        2.53256078036,
        2.62650961336,
        2.54530886336,
        2.47131223836,
        2.4501348633599997,
        2.4742476553599997,
        2.4672392793599998,
        2.47722361336,
        2.43494473836
      ],
      "memory_usage_byte": [
        35864576,
        35897344,
        35897344,
        35897344,
        35897344,
        35930112,
        35930112,
        35930112,
        35930112,
        35930112
      ],
      "exit_codes": [
        0,
        0,
        0,
        0,
        0,
        0,
        0,
        0,
        0,
        0
      ],
      "parameters": {
        "max_pop": "64",
        "size": "1000"
      }
    },
    {
      "command": "target/fastest/benchmark 64 1000",
      "mean": 0.50138201776,
      "stddev": 0.19247603089536186,
      "median": 0.43997555086,
      "user": 0.43793268,
      "system": 0.00400486,
      "min": 0.43868628036,
      "max": 1.0491606553600001,
      "times": [
        1.0491606553600001,
        0.43998757136,
        0.44139269736000003,
        0.44378882136000003,
        0.43914253036,
        0.43868628036,
        0.43996353036,
        0.44224261336,
        0.43952244736,
        0.43993303036
      ],
      "memory_usage_byte": [
        35930112,
        35930112,
        35930112,
        35930112,
        35930112,
        35930112,
        35930112,
        35930112,
        35930112,
        35930112
      ],
      "exit_codes": [
        0,
        0,
        0,
        0,
        0,
        0,
        0,
        0,
        0,
        0
      ],
      "parameters": {
        "max_pop": "64",
        "size": "1000"
      }
    },
    {
      "command": "morpheus --file benchmark/fixtures/dyn/morpheus_1000.xml --outdir benchmark/out/morpheus/128/1000 --set max_population=128",
      "mean": 4.26663713836,
      "stddev": 0.13461615598009774,
      "median": 4.23472136336,
      "user": 23.904246179999998,
      "system": 1.80614536,
      "min": 4.09490436336,
      "max": 4.57140936336,
      "times": [
        4.18716490536,
        4.09490436336,
        4.57140936336,
        4.39232369636,
        4.23743752936,
        4.168618572360001,
        4.23581586336,
        4.2176127803600005,
        4.2336268633600005,
        4.32745744636
      ],
      "memory_usage_byte": [
        36683776,
        36798464,
        38502400,
        38502400,
        38502400,
        38502400,
        38502400,
        38502400,
        38502400,
        38502400
      ],
      "exit_codes": [
        0,
        0,
        0,
        0,
        0,
        0,
        0,
        0,
        0,
        0
      ],
      "parameters": {
        "max_pop": "128",
        "size": "1000"
      }
    },
    {
      "command": "target/fastest/benchmark 128 1000",
      "mean": 0.8284015801600001,
      "stddev": 0.0051326743635985335,
      "median": 0.82783000886,
      "user": 0.8223591800000001,
      "system": 0.004977359999999999,
      "min": 0.82008932236,
      "max": 0.8358399053600001,
      "times": [
        0.8318104053600001,
        0.8358399053600001,
        0.82805057136,
        0.8326144883600001,
        0.82712986336,
        0.82214357136,
        0.82760944636,
        0.83383203036,
        0.82008932236,
        0.8248961973600001
      ],
      "memory_usage_byte": [
        38502400,
        38502400,
        38502400,
        38502400,
        38502400,
        38502400,
        38502400,
        38502400,
        38502400,
        38502400
      ],
      "exit_codes": [
        0,
        0,
        0,
        0,
        0,
        0,
        0,
        0,
        0,
        0
      ],
      "parameters": {
        "max_pop": "128",
        "size": "1000"
      }
    },
    {
      "command": "morpheus --file benchmark/fixtures/dyn/morpheus_1000.xml --outdir benchmark/out/morpheus/256/1000 --set max_population=256",
      "mean": 7.60393788406,
      "stddev": 0.14976864032492654,
      "median": 7.61395365486,
      "user": 51.99202518,
      "system": 2.300359759999999,
      "min": 7.39800669636,
      "max": 7.82710269636,
      "times": [
        7.759427655360001,
        7.39800669636,
        7.40196269636,
        7.51076077936,
        7.5069911963600005,
        7.58876673836,
        7.82710269636,
        7.6391405713600005,
        7.754969072360001,
        7.65225073836
      ],
      "memory_usage_byte": [
        38502400,
        38502400,
        38502400,
        38502400,
        38502400,
        38502400,
        38502400,
        38502400,
        38502400,
        38502400
      ],
      "exit_codes": [
        0,
        0,
        0,
        0,
        0,
        0,
        0,
        0,
        0,
        0
      ],
      "parameters": {
        "max_pop": "256",
        "size": "1000"
      }
    },
    {
      "command": "target/fastest/benchmark 256 1000",
      "mean": 1.5814137343599999,
      "stddev": 0.012241950009793591,
      "median": 1.5797876348600002,
      "user": 1.5729083799999999,
      "system": 0.00725956,
      "min": 1.5667309473600002,
      "max": 1.61223032136,
      "times": [
        1.61223032136,
        1.58565186336,
        1.58539436336,
        1.5750000303600002,
        1.5734198213600001,
        1.5807244473600002,
        1.57530544636,
        1.5808292803600001,
        1.5667309473600002,
        1.57885082236
      ],
      "memory_usage_byte": [
        38502400,
        38502400,
        38502400,
        38502400,
        38502400,
        38502400,
        38502400,
        38502400,
        38502400,
        38502400
      ],
      "exit_codes": [
        0,
        0,
        0,
        0,
        0,
        0,
        0,
        0,
        0,
        0
      ],
      "parameters": {
        "max_pop": "256",
        "size": "1000"
      }
    },
    {
      "command": "morpheus --file benchmark/fixtures/dyn/morpheus_1000.xml --outdir benchmark/out/morpheus/512/1000 --set max_population=512",
      "mean": 14.096676038259996,
      "stddev": 0.36320087789057787,
      "median": 14.10127942586,
      "user": 108.40186927999999,
      "system": 2.89791546,
      "min": 13.569717321359999,
      "max": 14.83895336336,
      "times": [
        13.569717321359999,
        13.69635702936,
        13.95273865536,
        13.90882007136,
        14.103119530359999,
        14.21654877936,
        14.45290594736,
        14.09943932136,
        14.12816036336,
        14.83895336336
      ],
      "memory_usage_byte": [
        38502400,
        38502400,
        38502400,
        38502400,
        38502400,
        38502400,
        38502400,
        38502400,
        38502400,
        38502400
      ],
      "exit_codes": [
        0,
        0,
        0,
        0,
        0,
        0,
        0,
        0,
        0,
        0
      ],
      "parameters": {
        "max_pop": "512",
        "size": "1000"
      }
    },
    {
      "command": "target/fastest/benchmark 512 1000",
      "mean": 3.1081456674599997,
      "stddev": 0.045719487650372585,
      "median": 3.09790307186,
      "user": 3.0933917799999997,
      "system": 0.01310966,
      "min": 3.0427827383599997,
      "max": 3.21055644636,
      "times": [
        3.21055644636,
        3.15767961336,
        3.0427827383599997,
        3.09454894736,
        3.0816424043599997,
        3.0897880713599997,
        3.1012571963599997,
        3.1097844053599997,
        3.09111828036,
        3.10229857136
      ],